<?xml version="1.0" encoding="UTF-8"?>
<!--
Copyright 2015 rashed.

Licensed under the Apache License, Version 2.0 (the "License");
you may not use this file except in compliance with the License.
You may obtain a copy of the License at

     http://www.apache.org/licenses/LICENSE-2.0

Unless required by applicable law or agreed to in writing, software
distributed under the License is distributed on an "AS IS" BASIS,
WITHOUT WARRANTIES OR CONDITIONS OF ANY KIND, either express or implied.
See the License for the specific language governing permissions and
limitations under the License.
-->

<beans xmlns="http://www.springframework.org/schema/beans"
       xmlns:xsi="http://www.w3.org/2001/XMLSchema-instance"
       xmlns:context="http://www.springframework.org/schema/context"
       xsi:schemaLocation="
      http://www.springframework.org/schema/context http://www.springframework.org/schema/context/spring-context-3.2.xsd
      http://www.springframework.org/schema/beans http://www.springframework.org/schema/beans/spring-beans-3.2.xsd">

    <!-- Load properties for this application.  You can     -->
    <!-- inject them into code using the @Value annotation. -->
    <bean id="appProperties"
          class="org.springframework.beans.factory.config.PropertiesFactoryBean">
        <property name="singleton" value="true" />
        <property name="ignoreResourceNotFound" value="true" />
        <!-- Configure default values here -->
        <property name="properties">
            <props>
                <prop key="jdbc.driverClassName">org.hsqldb.jdbc.JDBCDriver</prop>
                <!--<prop key="jdbc.driverClassName">com.mysql.jdbc.Driver</prop>--> 
            </props>
        </property>
        <!-- Override the defaults; ffw.home is set as a JVM system property.  -->
        <property name="locations">
            <list>               
                <value>classpath:kamlaxapi.properties</value>
            </list>
        </property>
    </bean>

    
    <!-- Expose the properties so other parts of the Spring config can use them -->
    <context:property-placeholder properties-ref="appProperties" />

    <!-- Persistence related configuration -->
    <!--<import resource=""/>-->
    <import resource="applicationContext-persistence.xml"/> 

    <!-- Security related configuration. comment when building for epc -->
    <import resource="applicationContext-security.xml"/>  

</beans>
