<beans xmlns="http://www.springframework.org/schema/beans"
       xmlns:xsi="http://www.w3.org/2001/XMLSchema-instance"
       xmlns:aop="http://www.springframework.org/schema/aop"
       xmlns:tx="http://www.springframework.org/schema/tx"
       xmlns:jdbc="http://www.springframework.org/schema/jdbc"
       xmlns:context="http://www.springframework.org/schema/context"
       xsi:schemaLocation="
     http://www.springframework.org/schema/context http://www.springframework.org/schema/context/spring-context-3.2.xsd
     http://www.springframework.org/schema/beans http://www.springframework.org/schema/beans/spring-beans-3.2.xsd
     http://www.springframework.org/schema/jdbc http://www.springframework.org/schema/jdbc/spring-jdbc-3.2.xsd
     http://www.springframework.org/schema/tx http://www.springframework.org/schema/tx/spring-tx-3.2.xsd
     http://www.springframework.org/schema/aop http://www.springframework.org/schema/aop/spring-aop-3.2.xsd">        

    <!-- enable the configuration of transactional behavior based on annotations -->
    <tx:annotation-driven transaction-manager="txManager"/>
    <bean id="txManager" class="org.springframework.jdbc.datasource.DataSourceTransactionManager">
        <property name="dataSource" ref="dataSource"/>         
    </bean>
    
    <!-- Define our DB connection via values in property files -->
    <bean id="dataSource"
          class="org.apache.commons.dbcp.BasicDataSource"
          destroy-method="close">
        <property name="driverClassName">
            <value>${jdbc.driverClassName}</value>
        </property>
        <property name="url">
            <value>${jdbc.url}</value>
        </property>
        <property name="username">
            <value>${jdbc.username}</value>
        </property>
        <property name="password">
            <value>${jdbc.password}</value>
        </property>       
    </bean>
        
    <bean class="org.mybatis.spring.mapper.MapperScannerConfigurer">
        <property name="basePackage" value="com.kamlax.api.repository" />
        <property name="sqlSessionFactoryBeanName" value="sqlSessionFactory" />
    </bean>

    
    <bean id="sqlSessionFactory" class="org.mybatis.spring.SqlSessionFactoryBean" 
          name="sqlSessionFactory">
        <property name="dataSource" ref="dataSource" />
        <property name="configurationProperties">
            <props>
                <prop key="cacheEnabled">true</prop>
                <prop key="useGeneratedKeys">false</prop>
                <prop key="defaultExecutorType">REUSE</prop>
            </props>
        </property>
    </bean>    

</beans>